<SharedFlowBundle revision="1" name="SF-bank-of-anthos-auth-v1">
    <DisplayName></DisplayName>
    <Description>Bank of Anthos Authentication</Description>
    <CreatedAt>1686644383886</CreatedAt>
    <LastModifiedAt>1686644383886</LastModifiedAt>
    <Policies>
        <Policy>AM-SetAuthHeader</Policy>
        <Policy>OA-VerifyAccessToken</Policy>
    </Policies>
    <SharedFlows>
        <SharedFlow>default</SharedFlow>
    </SharedFlows>
    <subType>SharedFlow</subType>
</SharedFlowBundle>